{
    "rmse": 0.6960019698964975,
    "mae": 0.5478227694819793,
    "r2": 0.2808443633869746
}